{
    "dropout_rate": 0.4,
    "batch_size": 32,
    "num_epochs": 20,
    "learning_rate": 0.001,
    "results": {
        "loss": 0.7199096083641052,
        "accuracy": 0.6477832794189453,
        "precision": 0.6578947305679321,
        "recall": 0.7709251046180725,
        "f1": 0.7099391480730223,
        "mse": 0.2381926029920578,
        "jsd": 0.20109478597396313
    }
}