{
    "learning_rate": 1e-05,
    "batch_size": 32,
    "num_epochs": 10,
    "weight_decay": 0.01,
    "results": {
        "accuracy": 0.6822660098522167,
        "precision": 0.6884615384615385,
        "recall": 0.788546255506608,
        "f1": 0.7351129363449692,
        "mse": 0.31773399014778325,
        "jsd": 0.17721091411346887
    }
}